{"Left": [-0.15988576412200928, 0.16028261184692383, -0.9999993489498706, -0.14656972885131836, -0.00046956539154052734, -1.0253897476941347, -0.20090782642364502, -0.08394181728363037, -1.031881544739008, -0.27752792835235596, -0.11835289001464844, -1.0260113161057234, -0.33083081245422363, -0.11624151468276978, -1.0173091851174831, -0.350325345993042, -0.019502580165863037, -1.0621229633688927, -0.4572460651397705, -0.10376894474029541, -1.0725036412477493, -0.5200608968734741, -0.14986509084701538, -1.0708555281162262, -0.5657991170883179, -0.18236541748046875, -1.0672974288463593, -0.37652409076690674, 0.07715117931365967, -1.0473325699567795, -0.501554012298584, 0.029799342155456543, -1.0525069124996662, -0.562396764755249, -0.0024124979972839355, -1.040488712489605, -0.5957403182983398, -0.030309081077575684, -1.0284751504659653, -0.3713737726211548, 0.16039443016052246, -1.0314964167773724, -0.4842473268508911, 0.13073039054870605, -1.0428318940103054, -0.5358051061630249, 0.0920412540435791, -1.0381305813789368, -0.5624783039093018, 0.061678528785705566, -1.0297138001769781, -0.34658384323120117, 0.23212671279907227, -1.0155060952529311, -0.4256960153579712, 0.24499154090881348, -1.0250782705843449, -0.47037947177886963, 0.2393423318862915, -1.0221296977251768, -0.5042548179626465, 0.2302623987197876, -1.0146767739206553], "Right": [0.026994705200195312, -0.04357326030731201, -0.9999993283049093, 0.019864439964294434, -0.08823353052139282, -1.0578184872865677, -0.020409822463989258, -0.1273288130760193, -1.0742716863751411, -0.07940471172332764, -0.12115657329559326, -1.0793356969952583, -0.13350868225097656, -0.116793692111969, -1.0811878740787506, -0.06130874156951904, -0.22478127479553223, -1.0256695412099361, -0.11396443843841553, -0.2586933374404907, -1.035220805555582, -0.1555262804031372, -0.2690594792366028, -1.047836609184742, -0.1925203800201416, -0.2680782079696655, -1.058867760002613, -0.07763206958770752, -0.19305860996246338, -1.0039540650323033, -0.12545251846313477, -0.23446309566497803, -1.0138307390734553, -0.16599225997924805, -0.24762731790542603, -1.0333942025899887, -0.2047189474105835, -0.24676769971847534, -1.048656526952982, -0.08248913288116455, -0.15113145112991333, -0.9886787468567491, -0.13599514961242676, -0.1728041172027588, -1.0105662671849132, -0.17558205127716064, -0.1716238260269165, -1.0385246574878693, -0.21354949474334717, -0.16592538356781006, -1.0575113855302334, -0.08022534847259521, -0.10386091470718384, -0.976735370233655, -0.10954403877258301, -0.11462646722793579, -1.0042883534915745, -0.12430930137634277, -0.11513447761535645, -1.0250759795308113, -0.1431180238723755, -0.1164170503616333, -1.038297526538372]}