{"Left": [0.4452395439147949, -0.10260641574859619, -0.9999993315282154, 0.383539080619812, -0.2614448666572571, -1.0168285742402077, 0.29407572746276855, -0.3659708499908447, -1.0471172966063023, 0.20046788454055786, -0.399631142616272, -1.0707827359437943, 0.12558144330978394, -0.4089367985725403, -1.098507471382618, 0.22550511360168457, -0.27944648265838623, -1.1402512043714523, 0.08501410484313965, -0.3566169738769531, -1.2081054747104645, -0.008825182914733887, -0.39641714096069336, -1.2434053272008896, -0.08521783351898193, -0.4214223027229309, -1.263319730758667, 0.2163563370704651, -0.16662687063217163, -1.157452568411827, 0.03982430696487427, -0.19751566648483276, -1.2227340936660767, -0.07692146301269531, -0.20656973123550415, -1.2538340985774994, -0.16688013076782227, -0.2093173861503601, -1.2738483548164368, 0.22198301553726196, -0.056337714195251465, -1.169139415025711, 0.0507999062538147, -0.060552775859832764, -1.2326307743787766, -0.06807613372802734, -0.06632459163665771, -1.2651717066764832, -0.1600508689880371, -0.07569795846939087, -1.2830522060394287, 0.23927223682403564, 0.04130995273590088, -1.1763278245925903, 0.09969073534011841, 0.094795823097229, -1.2289217561483383, 0.013371169567108154, 0.11529242992401123, -1.249150961637497, -0.06290674209594727, 0.12191379070281982, -1.2595377564430237], "Right": [0.1534125804901123, -0.23258763551712036, -0.9999997248440593, 0.11956417560577393, -0.2498067021369934, -1.0260828230530024, 0.07096809148788452, -0.26267188787460327, -1.0425977930426598, 0.0004037022590637207, -0.2687186002731323, -1.0536272041499615, -0.0537257194519043, -0.28375959396362305, -1.060987826436758, -0.052358031272888184, -0.3250121474266052, -1.0454507395625114, -0.1516556739807129, -0.38712388277053833, -1.0687529817223549, -0.2028961181640625, -0.39350152015686035, -1.0812240839004517, -0.25169801712036133, -0.3865852952003479, -1.0909352526068687, -0.09442710876464844, -0.32938867807388306, -1.0443607941269875, -0.21258795261383057, -0.36527395248413086, -1.0851202756166458, -0.2746255397796631, -0.34880179166793823, -1.1039098650217056, -0.3341867923736572, -0.3199474811553955, -1.113118328154087, -0.09875619411468506, -0.3259761929512024, -1.0442188270390034, -0.20839226245880127, -0.3647118806838989, -1.0811374932527542, -0.27657151222229004, -0.3624148368835449, -1.095136508345604, -0.339613676071167, -0.3422824740409851, -1.10154140740633, -0.07988870143890381, -0.3161749243736267, -1.0440300069749355, -0.1582047939300537, -0.3668912649154663, -1.0719652622938156, -0.20851194858551025, -0.3899903893470764, -1.08283881098032, -0.25998008251190186, -0.39387255907058716, -1.0891358256340027]}