{"Left": [0.8484656065702438, 0.20016562938690186, -0.9999993129192717, 0.783586323261261, 0.0684119462966919, -1.0048367897979915, 0.687315970659256, -0.024599134922027588, -1.0317541472613811, 0.5834679007530212, -0.04958266019821167, -1.0537730641663074, 0.5061055719852448, -0.045150578022003174, -1.079151377081871, 0.6800535619258881, -0.016181528568267822, -1.1450453847646713, 0.5715107321739197, -0.10903525352478027, -1.2145144939422607, 0.495718777179718, -0.16182923316955566, -1.254343032836914, 0.43324530124664307, -0.20577025413513184, -1.28014275431633, 0.6850256025791168, 0.0702505111694336, -1.1686312407255173, 0.545221209526062, 0.029259562492370605, -1.2420793920755386, 0.44597327709198, 0.010606884956359863, -1.2796745300292969, 0.370269775390625, -0.00030791759490966797, -1.3055704534053802, 0.6845614016056061, 0.17371368408203125, -1.1839826107025146, 0.5409730672836304, 0.16001057624816895, -1.25045645236969, 0.4390159249305725, 0.14305973052978516, -1.2826052010059357, 0.3621617555618286, 0.13029074668884277, -1.3015508949756622, 0.6834604442119598, 0.28021442890167236, -1.1941495388746262, 0.5563699007034302, 0.30929267406463623, -1.2460587918758392, 0.4872474670410156, 0.32457923889160156, -1.2646965682506561, 0.42808377742767334, 0.3335520029067993, -1.2755039930343628], "Right": [0.44658446311950684, 0.24667954444885254, -0.9999994315571143, 0.46574878692626953, 0.16394758224487305, -1.0526268519461155, 0.45395392179489136, 0.07049119472503662, -1.085370995104313, 0.4298602342605591, 0.0073195695877075195, -1.1136987432837486, 0.40494465827941895, -0.037601590156555176, -1.140090361237526, 0.28573155403137207, 0.015497684478759766, -1.0479663982987404, 0.22146642208099365, -0.072071373462677, -1.079323060810566, 0.17431306838989258, -0.09975302219390869, -1.1057317331433296, 0.12988239526748657, -0.10849136114120483, -1.1261193007230759, 0.23839610815048218, 0.07777023315429688, -1.0449525378644466, 0.14883017539978027, 0.018352985382080078, -1.0704501271247864, 0.09227961301803589, 0.014492511749267578, -1.0917364731431007, 0.04481536149978638, 0.02822732925415039, -1.10904148966074, 0.223538339138031, 0.15052855014801025, -1.0490983128547668, 0.1328500509262085, 0.11197865009307861, -1.0769247636198997, 0.07296741008758545, 0.10212814807891846, -1.0994010716676712, 0.02351897954940796, 0.10375165939331055, -1.1157530024647713, 0.22748059034347534, 0.2378166913986206, -1.0578603744506836, 0.1485404372215271, 0.24755620956420898, -1.0811070874333382, 0.09142369031906128, 0.2576925754547119, -1.0970863997936249, 0.037380099296569824, 0.26543354988098145, -1.1091233044862747]}