{"Left": [0.05188405513763428, 0.07790422439575195, -0.9999994391494624, -0.024501681327819824, 0.0356597900390625, -1.0534591041505337, -0.10440433025360107, 0.0003063678741455078, -1.098277986049652, -0.17211604118347168, -0.007350802421569824, -1.1249232217669487, -0.215681791305542, -0.011806309223175049, -1.1522125601768494, -0.05738663673400879, 0.0351254940032959, -1.1883493512868881, -0.14227080345153809, 0.037134528160095215, -1.2459906339645386, -0.2054060697555542, 0.03458881378173828, -1.2737374901771545, -0.2702310085296631, 0.04091143608093262, -1.2919352054595947, -0.04261445999145508, 0.0670386552810669, -1.1722597777843475, -0.14268434047698975, 0.08685767650604248, -1.2456638664007187, -0.22987210750579834, 0.10268795490264893, -1.2834134697914124, -0.3030834197998047, 0.11794114112854004, -1.311626523733139, -0.04425609111785889, 0.10681366920471191, -1.148442491889, -0.15203559398651123, 0.13200843334197998, -1.2095117568969727, -0.2445530891418457, 0.1583561897277832, -1.2458898574113846, -0.3112189769744873, 0.17971742153167725, -1.2681961953639984, -0.058527350425720215, 0.15022647380828857, -1.1225134283304214, -0.1494992971420288, 0.20027732849121094, -1.1641452759504318, -0.2168792486190796, 0.2339409589767456, -1.192397341132164, -0.2783418893814087, 0.2640199661254883, -1.2136692106723785], "Right": [-0.4533463716506958, 0.03462862968444824, -0.9999993531613995, -0.4229001998901367, -0.020595014095306396, -1.1051924005150795, -0.4218454360961914, -0.08605581521987915, -1.174298882484436, -0.44361937046051025, -0.10308754444122314, -1.228856310248375, -0.4762859344482422, -0.10899990797042847, -1.28130504488945, -0.5782805681228638, -0.12591081857681274, -1.1531034111976624, -0.6351727247238159, -0.19213193655014038, -1.2224774360656738, -0.6754553318023682, -0.18658578395843506, -1.2686934173107147, -0.703374981880188, -0.15768897533416748, -1.2986290454864502, -0.6255855560302734, -0.06131553649902344, -1.1327152848243713, -0.7260996103286743, -0.11180150508880615, -1.1976616382598877, -0.7648322582244873, -0.08242529630661011, -1.2322704792022705, -0.7787657976150513, -0.03559356927871704, -1.254171371459961, -0.642853856086731, 0.011079668998718262, -1.1201408356428146, -0.732785701751709, -0.010479450225830078, -1.1784340590238571, -0.7785204648971558, 0.01649188995361328, -1.2092679888010025, -0.8049266338348389, 0.05319523811340332, -1.227096602320671, -0.6386349201202393, 0.09133028984069824, -1.1150989532470703, -0.7118792533874512, 0.11152946949005127, -1.1583006829023361, -0.7570186853408813, 0.146919846534729, -1.182401180267334, -0.7952096462249756, 0.18101537227630615, -1.1987100392580032]}