{"Left": [0.2879589796066284, -0.004094898700714111, -1.0000001789614998, 0.21514970064163208, -0.12256503105163574, -1.077372007071972, 0.13202893733978271, -0.19917380809783936, -1.1409009993076324, 0.05041515827178955, -0.2111266851425171, -1.190324604511261, -0.013189435005187988, -0.17135214805603027, -1.2372964024543762, 0.20547723770141602, -0.11244332790374756, -1.185029298067093, 0.17751264572143555, -0.14323604106903076, -1.2587470710277557, 0.13626426458358765, -0.17227423191070557, -1.2951093018054962, 0.08485352993011475, -0.20130592584609985, -1.3173191845417023, 0.2305309772491455, -0.006868124008178711, -1.1734251081943512, 0.1798943281173706, -0.0035521388053894043, -1.2470248490571976, 0.1132819652557373, 0.005800366401672363, -1.2789548933506012, 0.056411802768707275, 0.008264541625976562, -1.307323008775711, 0.23708975315093994, 0.09198403358459473, -1.1623643636703491, 0.18235796689987183, 0.11499106884002686, -1.2374290078878403, 0.1104782223701477, 0.13618826866149902, -1.2683351933956146, 0.04741901159286499, 0.14689195156097412, -1.287670373916626, 0.23386681079864502, 0.1700655221939087, -1.1533842980861664, 0.18667978048324585, 0.24753296375274658, -1.2124192267656326, 0.14535784721374512, 0.29509782791137695, -1.2419333159923553, 0.09655499458312988, 0.3281056880950928, -1.2644446194171906], "Right": [-0.35343003273010254, 0.05483853816986084, -0.9999991077621644, -0.285780668258667, -0.010146379470825195, -1.158346250653267, -0.27289390563964844, -0.0964917540550232, -1.264375239610672, -0.28953051567077637, -0.12048232555389404, -1.3484451472759247, -0.32402634620666504, -0.09877139329910278, -1.432754099369049, -0.4587740898132324, -0.12658852338790894, -1.2437128126621246, -0.5185467004776001, -0.21195262670516968, -1.344827264547348, -0.5618330240249634, -0.22568994760513306, -1.409120351076126, -0.5784568786621094, -0.20852512121200562, -1.4505542814731598, -0.5209883451461792, -0.055391550064086914, -1.2120219618082047, -0.6324044466018677, -0.11931347846984863, -1.311706930398941, -0.6645752191543579, -0.08384436368942261, -1.372195452451706, -0.6606190204620361, -0.023390471935272217, -1.4110099971294403, -0.5445679426193237, 0.03032684326171875, -1.1891503483057022, -0.6429742574691772, 0.009664535522460938, -1.277754932641983, -0.6854592561721802, 0.03771805763244629, -1.3327771127223969, -0.6925036907196045, 0.07857418060302734, -1.3668571412563324, -0.5396939516067505, 0.12437570095062256, -1.1765711456537247, -0.6208881139755249, 0.16767024993896484, -1.2496794015169144, -0.667971134185791, 0.21564245223999023, -1.297362595796585, -0.6963974237442017, 0.2591017484664917, -1.3304340839385986]}