{"Left": [-0.0035365819931030273, 0.008741497993469238, -0.9999993945128267, -0.03911781311035156, -0.06355941295623779, -1.0984574109315872, -0.03219151496887207, -0.12183529138565063, -1.1653119772672653, -0.020139575004577637, -0.13904547691345215, -1.2193487286567688, -0.009398102760314941, -0.1380155086517334, -1.2733796536922455, 0.10553532838821411, -0.08697807788848877, -1.1541640013456345, 0.16398614645004272, -0.13973760604858398, -1.2170554250478745, 0.20422041416168213, -0.16691935062408447, -1.2600629031658173, 0.2333991527557373, -0.18423593044281006, -1.2887405753135681, 0.1344711184501648, -0.010636448860168457, -1.1360952109098434, 0.21480345726013184, -0.03474515676498413, -1.1952195316553116, 0.24352681636810303, -0.02537548542022705, -1.2354282140731812, 0.24356305599212646, -0.00960618257522583, -1.2645046710968018, 0.13705700635910034, 0.06564247608184814, -1.1229016855359077, 0.21240800619125366, 0.07319784164428711, -1.1768777072429657, 0.2317202091217041, 0.09078872203826904, -1.2147994339466095, 0.22313475608825684, 0.10899519920349121, -1.2389643639326096, 0.12055492401123047, 0.13728857040405273, -1.1156855523586273, 0.18462485074996948, 0.1741328239440918, -1.1585152447223663, 0.2109525203704834, 0.21535968780517578, -1.1852842569351196, 0.21381282806396484, 0.25781214237213135, -1.2049600481987], "Right": [-0.46720993518829346, 0.17823374271392822, -0.9999995759638125, -0.406896710395813, 0.12835907936096191, -1.089459590613842, -0.38140571117401123, 0.06904065608978271, -1.1583839803934097, -0.34531378746032715, 0.042412757873535156, -1.2123917937278748, -0.30015361309051514, 0.026702523231506348, -1.267287701368332, -0.4797888994216919, 0.03809785842895508, -1.190136969089508, -0.4935203790664673, -0.007973909378051758, -1.2677846550941467, -0.467415452003479, -0.016918957233428955, -1.3143495917320251, -0.42483043670654297, -0.01755201816558838, -1.3425352573394775, -0.524574875831604, 0.09743547439575195, -1.174103021621704, -0.5500242710113525, 0.08936488628387451, -1.2535206079483032, -0.5067349672317505, 0.12677085399627686, -1.2904247343540192, -0.4512758255004883, 0.16540610790252686, -1.3201665580272675, -0.5485994815826416, 0.16979575157165527, -1.1596286743879318, -0.5594762563705444, 0.1982860565185547, -1.235892802476883, -0.5067675113677979, 0.2362583875656128, -1.2649046778678894, -0.4570668935775757, 0.2631206512451172, -1.282101720571518, -0.5488353967666626, 0.2448636293411255, -1.1495881229639053, -0.555896520614624, 0.3009967803955078, -1.1989881843328476, -0.5274038314819336, 0.353068470954895, -1.2184906899929047, -0.49996650218963623, 0.3886152505874634, -1.2346272617578506]}