{"Left": [0.04929172992706299, -0.0746849775314331, -0.9999993090117414, 0.05056405067443848, -0.18194466829299927, -1.0580224953591824, 0.07782644033432007, -0.2767927646636963, -1.0882262885570526, 0.11891674995422363, -0.3269173502922058, -1.115702360868454, 0.1670861840248108, -0.33341068029403687, -1.1420277953147888, 0.2493821382522583, -0.2746790647506714, -1.0481400229036808, 0.3251422047615051, -0.3595172166824341, -1.0839726105332375, 0.3692675828933716, -0.4085381031036377, -1.1151727512478828, 0.4130692481994629, -0.44915151596069336, -1.1378131955862045, 0.27996712923049927, -0.1975259780883789, -1.044102769345045, 0.3648484945297241, -0.23883098363876343, -1.072220467031002, 0.417199969291687, -0.2597212791442871, -1.0996387302875519, 0.4622732996940613, -0.2818489074707031, -1.1224934756755829, 0.2819828987121582, -0.11690002679824829, -1.0473543517291546, 0.35432082414627075, -0.12816476821899414, -1.0736440420150757, 0.39725905656814575, -0.13920444250106812, -1.095979169011116, 0.4348921775817871, -0.15665960311889648, -1.1138306930661201, 0.2620762586593628, -0.033269405364990234, -1.0570402406156063, 0.32182425260543823, -0.014710545539855957, -1.0825450867414474, 0.3621729016304016, 0.005492568016052246, -1.097311057150364, 0.3999537229537964, 0.01784074306488037, -1.1083642169833183], "Right": [-0.415435791015625, 0.007387518882751465, -0.9999999707074796, -0.3278963565826416, -0.05792570114135742, -1.0343357436358929, -0.24123144149780273, -0.1330927610397339, -1.0629941672086716, -0.18073832988739014, -0.1938900351524353, -1.0823588520288467, -0.11769258975982666, -0.23842275142669678, -1.1067115142941475, -0.3344539403915405, -0.16122668981552124, -1.1317024677991867, -0.2727605104446411, -0.1780022382736206, -1.1893618553876877, -0.20690810680389404, -0.16732710599899292, -1.22402623295784, -0.14748334884643555, -0.15670931339263916, -1.2489890605211258, -0.3558032512664795, -0.1124005913734436, -1.1437625735998154, -0.312038779258728, -0.1898990273475647, -1.1978609710931778, -0.2293788194656372, -0.1941068172454834, -1.222640573978424, -0.16218948364257812, -0.18279844522476196, -1.2465762495994568, -0.36691832542419434, -0.04002082347869873, -1.1555242836475372, -0.31713223457336426, -0.10591012239456177, -1.2202603965997696, -0.24504625797271729, -0.1262204647064209, -1.2612912356853485, -0.1829230785369873, -0.13479286432266235, -1.2917762994766235, -0.3677103519439697, 0.04868912696838379, -1.16439950466156, -0.3381894826889038, 0.07492470741271973, -1.2369386553764343, -0.30417323112487793, 0.08832287788391113, -1.2774419784545898, -0.2669248580932617, 0.10132360458374023, -1.3066105246543884]}