{"Left": [-0.38234543800354004, 0.07869172096252441, -0.9999992200157521, -0.3587913513183594, -0.036280035972595215, -1.0585579387843609, -0.3057124614715576, -0.13966333866119385, -1.0888390466570854, -0.23626720905303955, -0.18842566013336182, -1.114831268787384, -0.1815088987350464, -0.19072943925857544, -1.139061063528061, -0.1407080888748169, -0.1081879734992981, -1.0508362017571926, -0.0444871187210083, -0.18436145782470703, -1.090378224849701, 0.016436517238616943, -0.22553867101669312, -1.1233518943190575, 0.07276999950408936, -0.2600651979446411, -1.1462850123643875, -0.11549222469329834, -0.02628004550933838, -1.0481109507381916, -0.003408074378967285, -0.0641753077507019, -1.0783429071307182, 0.06497412919998169, -0.08263194561004639, -1.1063909605145454, 0.12437808513641357, -0.10079175233840942, -1.128105878829956, -0.1194000244140625, 0.05524110794067383, -1.0524099171161652, -0.023713350296020508, 0.0436856746673584, -1.08132204413414, 0.035774290561676025, 0.029169082641601562, -1.1028969138860703, 0.08773541450500488, 0.008831024169921875, -1.1189950183033943, -0.14669430255889893, 0.13781452178955078, -1.0630037859082222, -0.07224035263061523, 0.1647336483001709, -1.0899603366851807, -0.02316451072692871, 0.18245673179626465, -1.1030859872698784, 0.025308072566986084, 0.19134235382080078, -1.1119054853916168], "Right": [-0.8099275827407837, 0.04116964340209961, -0.9999993069023958, -0.7218023538589478, -0.05016106367111206, -1.008960397914052, -0.6106114387512207, -0.10740631818771362, -1.0365237854421139, -0.5114539861679077, -0.13535034656524658, -1.0579609014093876, -0.43247807025909424, -0.15179955959320068, -1.0811913758516312, -0.6449979543685913, -0.18337494134902954, -1.130379930138588, -0.5357728004455566, -0.3078833818435669, -1.1882698982954025, -0.43497002124786377, -0.3352505564689636, -1.2145164459943771, -0.3578411340713501, -0.34525060653686523, -1.2315085530281067, -0.659758448600769, -0.12026578187942505, -1.1543812602758408, -0.5511314868927002, -0.23078280687332153, -1.2214608192443848, -0.42704272270202637, -0.21070170402526855, -1.24694462120533, -0.34564781188964844, -0.18195748329162598, -1.2635221481323242, -0.6801178455352783, -0.028088688850402832, -1.1722111105918884, -0.5811258554458618, -0.11180716753005981, -1.228515237569809, -0.4698655605316162, -0.11048942804336548, -1.251489907503128, -0.3917626142501831, -0.10833007097244263, -1.2663017213344574, -0.6993765830993652, 0.08331537246704102, -1.186046376824379, -0.6158506870269775, 0.09320759773254395, -1.2405764162540436, -0.5421808958053589, 0.11224114894866943, -1.2627483904361725, -0.48103654384613037, 0.12161791324615479, -1.2749300599098206]}