{"Left": [-0.18709874153137207, 0.01948559284210205, -0.9999990959686897, -0.17258906364440918, -0.0845496654510498, -1.0774183198809624, -0.12325334548950195, -0.16502583026885986, -1.1191829964518547, -0.055025339126586914, -0.20128703117370605, -1.1513607203960419, 0.007831752300262451, -0.20665717124938965, -1.1811909526586533, 0.04759413003921509, -0.16302704811096191, -1.0850160792469978, 0.14775830507278442, -0.24375098943710327, -1.1281798332929611, 0.21768641471862793, -0.2809875011444092, -1.1598660051822662, 0.2769175171852112, -0.3032868504524231, -1.1811835318803787, 0.0789867639541626, -0.08592742681503296, -1.0718399360775948, 0.19776469469070435, -0.12740468978881836, -1.106590822339058, 0.269713819026947, -0.13771170377731323, -1.1300890892744064, 0.3311135768890381, -0.14036482572555542, -1.14645054936409, 0.07913661003112793, -0.00681990385055542, -1.0657830983400345, 0.18718671798706055, -0.017031490802764893, -1.097752757370472, 0.2538435459136963, -0.019682765007019043, -1.1163076758384705, 0.30979490280151367, -0.02311122417449951, -1.1288379430770874, 0.05506765842437744, 0.07972288131713867, -1.0667441114783287, 0.13740605115890503, 0.11124300956726074, -1.0975633412599564, 0.19345033168792725, 0.13381266593933105, -1.1114418357610703, 0.246506929397583, 0.14796066284179688, -1.1192225441336632], "Right": [-0.490667462348938, 0.16576814651489258, -0.999999220344364, -0.42589259147644043, 0.047835707664489746, -1.0057515231892467, -0.32644498348236084, -0.029163241386413574, -1.0247951354831457, -0.22060060501098633, -0.05407845973968506, -1.0327630676329136, -0.13646841049194336, -0.05555766820907593, -1.0452687665820122, -0.30915844440460205, -0.053120195865631104, -1.1422268450260162, -0.18144559860229492, -0.17228055000305176, -1.1883819848299026, -0.07641005516052246, -0.1965543031692505, -1.200093999505043, 0.004366159439086914, -0.2011868953704834, -1.2048215866088867, -0.30687808990478516, 0.035489439964294434, -1.15583136677742, -0.15333378314971924, -0.03414261341094971, -1.2045702636241913, -0.028589606285095215, -0.00929635763168335, -1.21449376642704, 0.057211458683013916, 0.016685128211975098, -1.2209276854991913, -0.30719220638275146, 0.14491963386535645, -1.1614755541086197, -0.1577819585800171, 0.0947340726852417, -1.2070676982402802, -0.043631672859191895, 0.09269201755523682, -1.2304052859544754, 0.034504711627960205, 0.08911216259002686, -1.245180532336235, -0.31307125091552734, 0.25586509704589844, -1.160932943224907, -0.1910175085067749, 0.28589022159576416, -1.2153268158435822, -0.10711348056793213, 0.3133615255355835, -1.24429190158844, -0.0388188362121582, 0.32620739936828613, -1.2593230307102203]}