{"Left": [0.022462904453277588, 0.2711108922958374, -0.9999999289272381, 0.12302350997924805, 0.21954715251922607, -0.9791331756860018, 0.2110058069229126, 0.11489033699035645, -0.9607540220022202, 0.2777377963066101, 0.03564763069152832, -0.9548812322318554, 0.34718209505081177, 0.0019203424453735352, -0.9498109258711338, 0.24398910999298096, 0.009078383445739746, -0.930656261742115, 0.33759891986846924, -0.0929570198059082, -0.9311584755778313, 0.40217453241348267, -0.14069736003875732, -0.940418403595686, 0.4568443298339844, -0.18598300218582153, -0.953223992139101, 0.24275290966033936, 0.015593528747558594, -0.9639903269708157, 0.3624778389930725, -0.0340498685836792, -0.9738600868731737, 0.4458845853805542, -0.055068016052246094, -1.001263755140826, 0.5120710134506226, -0.07555347681045532, -1.0233612693846226, 0.22117292881011963, 0.036670565605163574, -1.0018351145554334, 0.3519377112388611, -0.013940393924713135, -1.02908293902874, 0.4450026750564575, -0.02460002899169922, -1.0615752823650837, 0.5187914073467255, -0.03361058235168457, -1.084579512476921, 0.1875031590461731, 0.06255447864532471, -1.0382876247167587, 0.2981223464012146, 0.051563382148742676, -1.073135606944561, 0.36259734630584717, 0.06219065189361572, -1.0934998467564583, 0.41230809688568115, 0.06969785690307617, -1.1069142818450928], "Right": [0.22974270582199097, 0.5233869552612305, -0.9999992631443888, 0.20763742923736572, 0.3366912603378296, -1.014017764478922, 0.2521783113479614, 0.19882798194885254, -1.0224611107259989, 0.32573843002319336, 0.12241864204406738, -1.024081626906991, 0.38604098558425903, 0.07407796382904053, -1.0262308046221733, 0.44649744033813477, 0.2193002700805664, -1.0588435791432858, 0.5650006532669067, 0.0911710262298584, -1.0743404403328896, 0.642277181148529, 0.041127681732177734, -1.0747157037258148, 0.6984533667564392, 0.018691062927246094, -1.073405846953392, 0.49966108798980713, 0.32015252113342285, -1.0601111389696598, 0.6584523916244507, 0.22150886058807373, -1.0818069875240326, 0.7502422481775284, 0.19611644744873047, -1.082353375852108, 0.8079546391963959, 0.18892085552215576, -1.0782617628574371, 0.5221307873725891, 0.43091702461242676, -1.0591894872486591, 0.6802470088005066, 0.35512495040893555, -1.0829907953739166, 0.768213301897049, 0.32054638862609863, -1.0930035263299942, 0.8273330628871918, 0.29779839515686035, -1.0955264642834663, 0.518312007188797, 0.5446552038192749, -1.0557054542005062, 0.6548643112182617, 0.5433309078216553, -1.0816952362656593, 0.7327089309692383, 0.5416083335876465, -1.0917454212903976, 0.7939065992832184, 0.5325479507446289, -1.0922237411141396]}